Model,RMSE,MAE,R2
KNN (baseline features),48.45441032337314,36.14906291834002,0.0525275119560098
KNN (+ Month feature),45.69628710566313,34.450040160642565,0.15732169789301276
